id,decimalLongitude,decimalLatitude,date_start,scientificName,depth
53251594,145.223,-38.529,1999-09-09 00:00,Zonaria turneriana,
76868785,143.671,-38.777,2005-12-14 00:00,Notolabrus tetricus,
96873234,-129.13834,50.816666,2016-08-11 00:00,Sebastes maliger,
2452104,145.1662,14.127468,2014-04-05 00:00,Chromis xanthura,12.1
46698989,-58.1835,44.1765,2012-08-02 00:00,Ceratoscopelus maderensis,
84569411,-5.471189,54.5284,2017-05-23 00:00,Cladophora rupestris,
41049876,115.41667,-32.0,2015-09-23 00:00,Cercozoa,47.0
75337355,-120.05381,33.83954,2016-10-20 00:00,Plumarella longispina,92.0
77215209,133.2,39.767,1977-09-23 00:00,Chaetoceros diversus,0.0
90388869,3.033,51.342,2018-09-01 00:00,Tharyx killariensis,
98477056,-7.393,51.926,2009-11-04 00:00,Merluccius merluccius,30.5
71858188,136.65,-35.74,2009-02-28 00:00,Notolabrus tetricus,9.0
97471782,146.94,-19.27,2012-11-18 00:00,Carcharhinus limbatus,
74253247,145.2338,20.013216,2014-05-04 00:00,Chromis xanthura,17.0
33305570,178.4255,-18.13163,2022-02-01 00:00,Gymnodinium,
30374077,-4.285148,48.115658,1996-07-29 00:00,Amphidinium,
46457969,22.0667,-35.3833,1986-09-19 00:00,Holohalaelurus regani,
75949852,-11.293,53.192,2013-11-25 00:00,Merluccius merluccius,70.0
77622893,-11.54,53.954,2010-12-05 00:00,Merluccius merluccius,157.5
75342092,146.334,-39.102,2001-12-15 00:00,Dictyota dichotoma,
80426080,-81.476,30.762,2003-07-10 00:00,Magelona,0.9
37146022,-10.8452,50.9109,2000-11-24 00:00,Merluccius merluccius,171.0
15197570,11.9883,57.3033,2014-03-03 00:00,Coscinodiscus concinnus,5.0
85050215,167.4687,-47.409,1996-03-02 00:00,Nototodarus sloanii,139.5
20104639,2.4981287,59.615864,2002-05-01 00:00,Abyssoninoe scopa,
89307564,13.1102,54.3736,2002-12-08 00:00,Mergus serrator,
95049819,-7.1893,50.433,2007-11-29 00:00,Merluccius merluccius,113.0
45634646,-4.6650686,53.31835,2003-06-17 00:00,Nucella lapillus,
70823968,57.1944,24.5225,1997-02-26 00:00,Enneagonum hyalinum,152.0
44902229,-64.24525,-42.640835,2019-03-22 00:00,Dictyota dichotoma,20.5
64897010,-119.02058,33.56226,2010-10-08 00:00,Plumarella longispina,157.5
69314411,30.502,-30.66717,,Glossogobius callidus,
31453536,-119.40169,34.007996,1950-03-14 00:00,Clinocottus embryum,0.535
40673716,148.33871,-41.96359,2015-03-26 00:00,Notolabrus tetricus,48.0
47154682,-121.899414,36.619232,2014-07-04 00:00,Oxyjulis californica,9.9
99107459,15.833966,-28.471567,,Scolelepis (Parascolelepis) gilchristi,125.0
14222662,-5.7527,58.0647,2010-03-08 00:00,Merluccius merluccius,110.0
23229620,-7.22098,57.44416,2007-08-14 00:00,Melinna palmata,21.0
97944314,23.430897,58.766384,1971-01-01 00:00,Charadrius hiaticula,
13699539,153.562,-27.345,2014-09-16 00:00,Nannocystaceae,20.0
77461672,-4.26256,52.81216,2012-06-21 00:00,Melinna palmata,0.0
23592747,-9.906,48.932,2020-03-14 00:00,Merluccius merluccius,85.0
38727251,159.051,-31.49836,1959-12-04 00:00,Onychoprion fuscatus,
29643277,18.95367,62.65417,2007-09-24 00:00,Acartia (Acanthacartia) bifilosa,92.5
93608050,163.08,-18.93,,Strobopagurus gracilipes,798.5
80531257,136.64,-35.75,2009-07-09 00:00,Notolabrus tetricus,9.0
77545486,-79.9002,-11.4695,1992-03-22 00:00,Polykrikos kofoidii,0.0
52335018,14.99393,56.12411,2011-10-28 00:00,Cladophora rupestris,4.5
38760185,7.8817,63.3297,,Anas platyrhynchos,
44587943,-4.47167,51.51333,1973-06-09 00:00,Pleurobrachia,
6749335,115.41667,-32.0,2019-02-20 00:00,Nannocystaceae,40.0
28400850,145.688,-38.66,2003-05-15 00:00,Zonaria turneriana,
1872893,115.15857,-21.318,2014-05-01 00:00,Pterocladiella caerulescens,6.9
46514470,66.967,74.4,1927-09-22 00:00,Gorgonocephalus arcticus,850.0
41617059,-5.109909,57.86587,1995-08-09 00:00,Merluccius merluccius,30.1
23070695,151.93,-23.43,2014-04-08 00:00,Plectropomus leopardus,
53895558,115.41667,-32.0,2019-11-25 00:00,Cercozoa,30.0
6641706,11.89069,58.34236,2013-08-28 00:00,Carradoriella elongata,3.43
50717503,7.708667,58.0555,2008-11-05 00:00,Nucella lapillus,
90045187,151.43,-33.8333,1990-04-29 00:00,Gobiidae,30.0
57391383,-11.399,51.478,2017-02-21 00:00,Merluccius merluccius,127.5
65328325,174.0,-30.0,2011-05-24 00:00,Amphidinium,100.0
64927298,146.22,-37.68,1976-11-25 00:00,Rhyacodrilus bifidus,
79858372,179.99583,-42.78417,2001-04-18 00:00,Halichondria,973.0
4898645,146.88,-18.47,2012-08-21 00:00,Plectropomus leopardus,
90246630,-131.11667,54.556667,2012-08-30 00:00,Sebastes maliger,
14298337,-60.241665,48.333332,1989-05-26 00:00,Aricidea (Strelzovia) quadrilobata,427.0
33049588,146.49,-18.61,2014-09-24 00:00,Plectropomus leopardus,
96656029,116.71917,-19.58,1983-06-07 00:00,Abalistes stellatus,50.5
83545062,117.71417,-19.92416,1983-11-13 00:00,Abalistes stellatus,44.0
15085169,113.94,-21.96,2013-05-19 00:00,Carcharhinus limbatus,1.0
48844167,7.9,54.18833,2007-05-21 00:00,Sphingobacteriales,
82351481,152.9844,-27.44785,1981-12-31 00:00,Xiphophorus hellerii,0.0
28825958,-4.99333,51.50833,1975-04-24 00:00,Acartia (Acanthacartia) bifilosa,
75737157,-10.748,51.219,2014-12-09 00:00,Merluccius merluccius,80.0
70009446,0.8875,-40.0194,2010-10-29 00:00,Pinguiophyceae,6.0
96234305,-3.7167,53.8167,2000-03-09 00:00,Echiichthys vipera,28.0
34460182,-1.433793,50.798183,1994-06-01 00:00,Tharyx killariensis,
90765260,15.983333,55.25,2016-11-05 00:00,Acartia (Acanthacartia) bifilosa,38.5
72931681,-80.55,29.67,1975-01-28 00:00,Bothidae,29.0
70240942,-179.7365,-43.8368,2005-01-20 00:00,Nototodarus sloanii,381.5
54556445,146.53499,-13.883,1984-12-14 00:00,Ctenoides annulatus,
44261757,-167.77998,25.88437,2015-08-18 00:00,Keratoisidinae,2016.0
12457727,-128.16167,51.26,2007-09-04 00:00,Sebastes maliger,
47301019,-1.1073582,49.39023,2009-08-20 00:00,Rhizosolenia delicatula,
41159725,-8.6667,58.4833,1985-01-20 00:00,Merluccius merluccius,371.0
15714669,19.113333,54.5,2015-06-13 00:00,Gymnodinium,15.0
36325986,17.62533,58.803,1994-05-10 00:00,Gymnodinium,10.0
73577583,-116.55328,12.435267,2015-09-03 00:00,Coryphaenoides,3555.0
89851254,-5.879,52.343,2003-11-21 00:00,Merluccius merluccius,41.5
76685803,-55.4316,34.3277,2010-05-21 00:00,Chloroflexi,199.0
8272358,-2.1365,44.5894,2005-10-25 00:00,Merluccius merluccius,349.0
63732022,152.1,-32.7,,Platynereis antipoda,
33618227,-3.949922,47.833405,2020-11-17 00:00,Rhizosolenia delicatula,
93354701,2.1207352,61.39719,2002-05-01 00:00,Tharyx killariensis,289.0
27054046,118.84667,-19.4725,1983-11-07 00:00,Abalistes stellatus,40.5
46234312,-2.5413,46.3643,2002-10-22 00:00,Zeus faber,75.0
8056109,113.91,-21.98,2008-10-09 00:00,Plectropomus leopardus,
14534966,115.41667,-32.0,2015-12-14 00:00,Pseudotontonia simplicidens,20.0
34895316,-170.59834,-36.87545,2016-06-01 00:00,Stephanoecidae,6.6
49281280,159.051,-31.49836,1959-12-04 00:00,Onychoprion fuscatus,
42692208,-41.1248,-37.8305,2011-03-12 00:00,Gymnodinium,148.0
95013555,0.5333,61.2667,2002-08-29 00:00,Merluccius merluccius,177.0
28466075,142.3,-10.5,,Mauritia arabica,
83845213,-4.213247,52.79595,2005-04-13 00:00,Magelona,12.8
99283908,-7.834,50.728,2015-12-03 00:00,Merluccius merluccius,51.5
70433831,170.64484,-41.5185,2018-07-31 00:00,Echinothuriidae,484.0
74519721,8.025,58.0739,,Mergus serrator,
2845537,23.491993,58.5998,1989-01-01 00:00,Mergus serrator,
8546574,9.19476,69.91616,2023-05-17 00:00,Myctophidae,0.0
57573770,130.76805,-12.4,2018-07-31 00:00,Sphingobacteriales,16.0
92885542,-0.09523518,60.5728,2006-07-30 00:00,Tectura virginea,
68581014,10.9136,58.9842,,Mergus serrator,
34704714,147.61842,-19.30847,2016-12-06 00:00,Rhizochromulina,20.0
19918455,-4.6889563,52.87312,1999-08-01 00:00,Carradoriella elongata,
85183980,2.3578942,59.186417,2006-05-01 00:00,Polycarpa fibrosa,123.0
90959248,147.29,-18.63,2014-05-20 00:00,Plectropomus leopardus,
370498,-11.462,51.246,2013-11-17 00:00,Merluccius merluccius,181.5
34957563,4.5767,66.6783,1985-08-09 00:00,Bitectatodinium tepikiense,
34483456,122.3,37.81667,,Keenocardium californiense californiense,
20992573,10.7228,57.4989,2021-10-18 00:00,Merluccius merluccius,15.0
43166024,-6.061171,55.199,1983-08-26 00:00,Pterothamnion plumula,19.0
36981217,-72.0,39.5,1998-11-07 00:00,Thunnus alalunga,20.0
43806065,4.096983,51.64472,2016-06-07 00:00,Rhizosolenia delicatula,
6170098,-4.9224,46.6422,1999-12-11 00:00,Merluccius merluccius,496.0
81819827,-8.352,54.581,2012-09-26 00:00,Merluccius merluccius,13.5
57081316,-10.842,51.501,2017-02-25 00:00,Merluccius merluccius,84.5
4664391,-83.96667,27.616667,1966-08-02 00:00,Teinostoma obtectum,55.0
30390202,15.983333,55.25,2016-11-05 00:00,Acartia (Acanthacartia) bifilosa,12.5
93474009,135.267,32.517,1986-04-21 00:00,Rhizosolenia delicatula,0.0
15102583,-9.8687,53.37465,2009-07-06 00:00,Amphidinium,
70537194,-175.10345,-21.114717,2018-10-12 00:00,Lutjanus quinquelineatus,4.0
81344885,136.44733,-35.83217,2016-09-15 00:00,Amphidinium,10.0
44290931,113.92,-21.98,2012-12-13 00:00,Carcharhinus limbatus,0.5
71766285,-77.132,34.618,1996-04-20 00:00,Etropus cyclosquamus,10.0
64601018,173.7943,-44.0128,1990-05-25 00:00,Nototodarus sloanii,348.0
37905527,71.35889,-6.179167,1979-02-26 00:00,Pomacentrus coelestis,0.5
97379388,-140.0,52.0,2022-03-05 00:00,Doliopsis,147.72115
48511512,2.801,51.497,2018-03-01 00:00,Echiichthys vipera,
88091423,-88.0367,30.2633,2001-10-01 00:00,Cynoscion nothus,
6010839,2.2885,39.7359,2001-04-02 00:00,Merluccius merluccius,329.0
81323151,15.98333,55.25,2013-09-24 00:00,Acartia (Acanthacartia) bifilosa,15.0
80625441,115.41667,-32.0,2019-06-20 00:00,Clathrinida,46.0
7599970,-179.9163,-43.3683,1995-12-29 00:00,Nototodarus sloanii,433.0
43242122,-157.9945,-32.495,2011-06-17 00:00,Pinguiophyceae,31.0
29363133,172.62,-44.87,2012-02-06 00:00,Puffinus bulleri,0.0
54799896,-5.332189,51.86914,1977-08-04 00:00,Caryophyllia (Caryophyllia) smithii,
49749005,15.983333,55.25,1989-05-23 00:00,Acartia (Acanthacartia) bifilosa,69.0
43033903,116.3857,-20.028,2017-10-29 00:00,Abalistes stellatus,57.5
76344558,12.21167,56.94,2010-10-07 00:00,Gymnodinium,5.0
40940776,151.045,-21.445,2004-09-17 00:00,Charybdis (Charybdis) jaubertensis,70.0
60557727,-11.5882,53.8063,2021-09-10 00:00,Merluccius merluccius,140.5
92841523,-3.62346,51.21918,2011-01-20 00:00,Nucella lapillus,
80364219,-78.21,28.76,2003-04-09 00:00,Thunnus alalunga,22.0
81733950,175.47084,-72.328835,,Exochella hymanae,925.5
80424193,158.22444,7.012778,1954-10-08 00:00,Gobiidae,1.525
6563988,144.62,-38.29,2004-11-26 00:00,Dictyota dichotoma,
85215743,8.3557,55.898,1995-04-24 00:00,Enchytraeidae,0.0
16698255,-9.49,54.425,2016-11-25 00:00,Zeus faber,40.0
20479934,-4.592,46.8885,2008-11-03 00:00,Merluccius merluccius,142.0
63652393,12.827435,-8.477308,2006-03-18 00:00,Todaropsis eblanae,443.5
95709174,1.590517,50.215816,2008-08-22 00:00,Rhizosolenia delicatula,
97248224,-10.079,50.515,2017-11-19 00:00,Todaropsis eblanae,71.0
60229073,0.7135815,40.795944,2020-08-17 00:00,Gymnodinium,0.5
94592600,16.923,-30.428,1991-05-18 00:00,Calanus agulhensis,85.0
68986401,-3.8805556,48.802776,2001-02-22 00:00,Paradoneis armata,
78552329,150.25,-37.25,2000-01-01 00:00,Sarda australis,
74084678,166.77995,11.168257,2002-08-15 00:00,Montipora,15.0
29864835,2.0888555,61.386547,2002-05-01 00:00,Tharyx killariensis,
92696964,113.1188,-25.6091,,Nudechinus darnleyensis,
97260498,-4.23551,52.43669,1995-07-25 00:00,Carradoriella elongata,6.35
52185947,9.884158,67.94289,2011-09-23 00:00,Abyssoninoe scopa,854.16
38915086,10.61,63.5586,,Mergus serrator,
19340034,116.78577,-20.53415,2014-05-01 00:00,Pterocladiella caerulescens,4.4
84134960,-5.012002,50.15695,2010-01-01 00:00,Phaeophyceae,
43244669,146.88,-18.47,2012-09-18 00:00,Plectropomus leopardus,
50044709,-82.791466,24.713066,2010-06-10 00:00,Xyrichtys splendens,12.3
93407607,-122.3248,47.371,1999-12-08 00:00,Mergus serrator,
95107553,158.22,6.88,,Lobophyllia corymbosa,
59157870,-67.490875,18.38438,2019-09-12 00:00,Epinephelus guttatus,16.6
87095905,9.8178,63.6522,,Mergus serrator,
94939981,118.69735,-64.72935,2017-02-11 00:00,Stephanoecidae,3361.1
43187186,-4.0241,57.6803,2007-06-20 00:00,Nucella lapillus,
67465027,178.519,-44.0147,2007-04-07 00:00,Acidobacteria,
4519804,-130.85834,53.023335,1996-06-02 00:00,Sebastes maliger,
98169400,3.330822,56.26839,1996-05-01 00:00,Tharyx killariensis,67.0
71350538,-160.00822,-0.3813,2008-03-27 00:00,Montipora,40.0
54803462,-70.0,42.0,2008-12-03 00:00,Sphingobacteriales,
73895211,116.3857,-20.028,2017-10-29 00:00,Abalistes stellatus,57.5
89929292,18.4972,-34.3569,1994-12-04 00:00,Thunnus alalunga,
24014974,-1.08876,50.4435,2008-10-09 00:00,Paraehlersia ferrugina,35.0
13813798,146.49,-18.61,2014-09-09 00:00,Plectropomus leopardus,
66483900,30.2323,-31.0388,2000-09-28 00:00,Plectorhinchus,
6749372,17.76042,58.77638,2018-08-20 00:00,Cladophora rupestris,6.9
31019640,151.22667,-34.11923,2019-11-18 00:00,Nannocystaceae,100.0
73420532,174.7817,-36.5917,1985-11-15 00:00,Zeus faber,17.5
78074451,11.8175,54.1615,2001-04-21 00:00,Mergus serrator,
45846761,151.97,-23.44,2012-07-08 00:00,Plectropomus leopardus,10.6
55478227,-20.8167,17.3516,2010-10-30 00:00,Prevotellaceae,101.0
4386484,-4.603846,58.55224,2011-06-19 00:00,Caryophyllia (Caryophyllia) smithii,17.0
87119721,-128.69017,51.4041,2008-05-12 00:00,Beringraja rhina,
71374645,-10.8772,49.5217,2006-11-15 00:00,Merluccius merluccius,167.0
25245144,151.97,-23.44,2012-11-01 00:00,Plectropomus leopardus,10.6
9362742,136.90056,-35.1,,Gobiidae,
38079111,5.05,53.31,1989-06-13 00:00,Liocarcinus pusillus,
94546078,-10.46,50.545,2015-11-19 00:00,Merluccius merluccius,79.5
15182513,-9.90281,53.60768,2010-09-24 00:00,Polykrikos kofoidii,
7007700,-4.3233,52.86245,2004-06-19 00:00,Gobiidae,15.0
35780885,118.91667,-19.4825,1983-08-31 00:00,Abalistes stellatus,36.0
1669309,-44.8262,26.1369,2011-11-30 00:00,Fibrobacteraceae,185.0
94298547,-170.76337,-14.36594,2010-02-20 00:00,Montipora,49.5
81337905,-56.5,-61.417,,Hemigellius bidens,
23391160,-78.632,-9.01,2004-08-18 00:00,Coscinodiscus concinnus,0.0
9500276,6.981851,64.42556,2012-05-01 00:00,Saxicavella jeffreysi,305.0
80167518,146.49,-18.61,2014-04-01 00:00,Plectropomus leopardus,4.6
38855169,18.355,-34.0528,1990-03-30 00:00,Thunnus alalunga,
53311028,1.5,54.25,1986-05-01 00:00,Magelona,55.0
89485176,159.051,-31.49836,1962-11-29 00:00,Onychoprion fuscatus,
33784369,133.683,39.167,1977-09-22 00:00,Nitzschia closterium,0.0
45632936,78.53,33.85,1964-01-23 00:00,Styliferina goniochila,
68141983,17.31,-33.51,1990-08-05 00:00,Todaropsis eblanae,329.0
85808696,-74.75,36.667,1982-08-31 00:00,Tharyx killariensis,80.0
14578152,0.60833,58.23167,2007-07-01 00:00,Merluccius merluccius,149.0
6555038,-123.01564,35.16419,2007-09-23 00:00,Acidobacteria,
7691677,-12.301,52.726,2018-11-18 00:00,Merluccius merluccius,184.0
83823703,3.6166666,6.4,1963-10-07 00:00,Etmopterus pusillus,
62907116,-13.922,51.205,2001-09-29 00:00,Merluccius merluccius,267.0
8468905,-2.9563,55.9731,2009-06-08 00:00,Nucella lapillus,
8810233,118.43889,10.9,1908-12-27 00:00,Galacantha valdiviae,1335.0
18448076,17.3,-32.24,2006-01-16 00:00,Todaropsis eblanae,191.0
83803903,-7.446,51.158,2013-11-04 00:00,Merluccius merluccius,52.0
97769087,3.9993312,51.71462,2020-08-12 00:00,Protoperidinium thorianum,
61769481,144.6757,-13.85525,2012-10-22 00:00,Nannocystaceae,120.0
72626328,-76.03743,10.058931,2005-07-02 00:00,Vexillum styria,
25004366,-82.13271,9.2509,2008-03-26 00:00,Sphingobacteriales,
43224089,19.098,-34.79,1993-05-23 00:00,Calanus agulhensis,64.2
25294592,2.552166,59.73274,1997-05-01 00:00,Ophelina modesta,115.0
51175136,-48.399105,-27.17457,2013-04-04 00:00,Diplodus argenteus,6.0
50934178,-145.0,50.0,1978-01-04 00:00,Neocalanus cristatus,75.02
92243058,-6.72743,55.79063,2012-09-20 00:00,Liocarcinus pusillus,42.1
54490718,151.93,-23.43,2014-06-27 00:00,Plectropomus leopardus,
26947297,5.231667,59.416,1997-10-02 00:00,Nucella lapillus,
62006462,-5.022244,50.15215,2010-01-01 00:00,Dictyota dichotoma,
31884873,-170.5075,-14.27461,2010-02-21 00:00,Pomacentrus coelestis,23.0
60155545,7.65,3.9,1963-10-27 00:00,Gobiidae,100.0
22727101,136.64,-35.75,2009-06-19 00:00,Notolabrus tetricus,9.0
70977296,3.25,51.75,2000-08-15 00:00,Echiichthys vipera,28.0
53381061,153.35,-27.5,,Magelona,
37241599,116.64328,-64.55422,2017-01-29 00:00,Stephanoecidae,85.1
10428485,167.933,-29.066,,Onychoprion fuscatus,0.0
90266748,20.817356,72.703514,2014-05-01 00:00,Aricidea (Strelzovia) quadrilobata,431.0
36001587,-10.737,53.152,2021-11-16 00:00,Merluccius merluccius,63.0
55883264,-3.4117,46.4317,1997-10-19 00:00,Merluccius merluccius,120.0
61633320,115.41667,-32.0,2015-12-14 00:00,Clathrinida,30.0
5448721,167.965,-39.8317,1984-07-07 00:00,Diastobranchus capensis,916.5
79365015,160.04784,-8.96255,2006-06-18 00:00,Pleuroploca trapezium,
31010129,11.666667,57.191166,2010-05-11 00:00,Hermania scabra,
27116322,159.051,-31.49836,1962-11-28 00:00,Onychoprion fuscatus,
40805563,-0.01647,58.49947,2014-03-27 00:00,Parathyasira equalis,143.0
78945029,136.80333,-13.0625,1997-10-08 00:00,Carcharhinus limbatus,37.5
28657277,-128.17,51.743332,2011-08-13 00:00,Sebastes maliger,
51059367,-9.45972,51.69278,2008-08-05 00:00,Amphidinium,
32965732,-82.8941,24.58297,1999-07-05 00:00,Hypoplectrus puella,11.0
51885728,140.23334,34.933334,1992-10-12 00:00,Chaetoceros diversus,0.0
1811519,-5.763333,54.71584,2017-05-01 00:00,Melinna palmata,
65763890,-3.2297,45.6215,2005-10-28 00:00,Merluccius merluccius,133.0
11790972,113.53333,21.0,1958-06-26 00:00,Zeus faber,74.98
14733308,115.41667,-32.0,2015-07-23 00:00,Pseudotontonia simplicidens,0.0
30138523,-3.093748,47.534763,2013-09-02 00:00,Rhizosolenia delicatula,
24677938,8.46,55.03,2008-03-27 00:00,Thalassiosira aestivalis,
92821015,-91.400986,28.709267,2011-08-10 00:00,Magelona,24.0
80848181,148.32071,-41.98085,2015-12-02 00:00,Notolabrus tetricus,30.0
14267092,117.083,-20.2167,1995-08-19 00:00,Plectropomus maculatus,
3379068,155.14233,-27.92278,2016-09-20 00:00,Duboscquella,3600.0
49091540,-4.217,50.25,2006-09-26 00:00,Hydnaceae,10.0
97820628,151.94,-23.43,2015-05-18 00:00,Plectropomus leopardus,15.0
71583186,5.4029016,63.522808,2015-05-01 00:00,Aricidea (Strelzovia) quadrilobata,843.0
58225024,-10.451,51.684,2013-11-19 00:00,Merluccius merluccius,42.5
39249773,10.8247,58.6637,2005-02-15 00:00,Merluccius merluccius,83.0
83037279,-4.739299,54.06378,2017-06-29 00:00,Dictyota dichotoma,22.5
86328589,-162.06865,5.89903,2010-04-12 00:00,Pomacentrus coelestis,12.0
51188493,26.09,38.12,,Pontonia pinnophylax,
99326085,116.35,-20.445,1989-09-20 00:00,Abalistes stellatus,36.0
61890379,-65.0261,42.369446,1982-07-21 00:00,Ulvaria subbifurcata,0.0
98257045,-64.03,18.641,2011-01-13 00:00,Eretmochelys imbricata,
7200020,2.698,51.592,2023-09-01 00:00,Echiichthys vipera,
39725459,18.4972,-34.3569,1989-12-07 00:00,Thunnus alalunga,
87225165,-160.05942,25.76289,2017-09-24 00:00,Keratoisidinae,2229.0
92105511,-69.578606,48.23079,2021-06-28 00:00,Haliclona globosa,
12673352,3.9787557,61.39011,2014-05-01 00:00,Polycarpa fibrosa,360.0
76564697,2.366896,59.160248,1996-05-01 00:00,Parathyasira equalis,
53297415,169.5467,-43.2683,1988-07-30 00:00,Nototodarus sloanii,377.5
58423844,143.91,-13.41,,Onychoprion fuscatus,0.5
82951879,-1.0184284,45.58164,1997-09-09 00:00,Gymnodinium,
26729042,171.3207,-48.9703,2004-11-28 00:00,Nototodarus sloanii,576.5
30728947,-178.4133,-43.5622,2005-01-06 00:00,Nototodarus sloanii,424.5
47860558,-5.566066,56.68687,1990-06-23 00:00,Nucella lapillus,
38361750,-86.87426,20.85052,1972-03-27 00:00,Spirula spirula,
90960691,-4.125669,50.30635,2003-08-13 00:00,Dictyota dichotoma,20.0
3373512,-170.0,-32.5,2011-05-31 00:00,Fluviicola,30.0
36611358,140.0225,35.537224,1984-07-09 00:00,Actinocyclus senarius,
44588157,-5.187356,51.695053,1959-06-06 00:00,Dictyota dichotoma,
68533375,-64.85,-45.533333,2003-08-14 00:00,Campylonotus vagans,93.0
42521685,133.08167,34.121666,1979-08-29 00:00,Tortanus (Tortanus) forcipatus,25.0
91550655,21.634666,71.43079,2016-05-01 00:00,Abyssoninoe scopa,374.0
8857535,3.5656211,51.41199,2004-08-10 00:00,Rhizosolenia delicatula,
74775337,-2.46633,47.420223,1996-06-24 00:00,Gymnodinium,
35594602,-6.114217,55.21393,2006-06-15 00:00,Dictyota dichotoma,21.0
26695709,151.94,-23.43,2012-10-23 00:00,Plectropomus leopardus,14.0
40849417,-81.61217,4.001161,2020-02-23 00:00,Lutjanus viridis,24.0
31356987,19.585,54.373333,2008-08-14 00:00,Acartia (Acanthacartia) bifilosa,1.0
92748812,-8.4653,57.3063,2003-11-17 00:00,Merluccius merluccius,150.0
90533502,22.1833,-35.0667,1991-09-20 00:00,Gonorynchus gonorynchus,
52125382,173.5825,-43.0758,1976-02-27 00:00,Nototodarus sloanii,120.0
29541095,116.45917,-20.0925,1983-01-21 00:00,Abalistes stellatus,50.0
81593509,135.8,34.43,,Epitonium scalare,
1120516,-176.46053,0.14769,2017-03-19 00:00,Keratoisidinae,1853.0
18638479,-10.233,51.043,2008-11-26 00:00,Merluccius merluccius,66.5
89574177,-44.2031,-2.46492,2013-06-13 00:00,Bostrychia radicans,
29912648,116.6325,-20.2625,1982-09-28 00:00,Abalistes stellatus,39.5
63245588,-4.660317,51.18562,2008-06-01 00:00,Caryophyllia (Caryophyllia) smithii,19.0
63508358,-12.0632,52.617,2014-09-19 00:00,Merluccius merluccius,132.5
21594850,-1.2778828,46.005947,2012-11-27 00:00,Rhizosolenia delicatula,
80446081,10.898,57.6194,2009-08-31 00:00,Merluccius merluccius,26.0
38396019,16.8686,-29.2493,1985-01-11 00:00,Thunnus alalunga,
55523502,-116.49065,12.3836,2015-02-18 00:00,Coryphaenoides,4137.0
84723902,-8.33889,54.88444,2014-07-08 00:00,Amphidinium,
18617172,-174.01436,-18.75205,2017-06-03 00:00,Pomacentrus coelestis,5.0
97458936,-11.046,53.838,2008-10-31 00:00,Merluccius merluccius,89.5
19322712,-157.9575,21.38861,1981-06-01 00:00,Notocochlis gualteriana,
27063588,152.5665,-21.46982,2006-01-14 00:00,Plectropomus leopardus,5.0
84806621,159.051,-31.49836,1962-11-28 00:00,Onychoprion fuscatus,
30253359,20.391914,72.58869,2017-05-01 00:00,Abyssoninoe scopa,405.0
26506769,-80.50634,24.92058,2018-08-08 00:00,Xyrichtys splendens,8.1
50108929,-6.334603,49.93879,1983-04-01 00:00,Nucella lapillus,
22564426,-170.56088,-14.27984,2010-02-19 00:00,Chromis xanthura,21.0
48696284,116.6393,-19.9113,2017-10-25 00:00,Abalistes stellatus,61.5
95505548,2.900149,60.780598,1993-05-01 00:00,Parathyasira equalis,172.0
10609030,-1.176,45.653316,2009-09-12 00:00,Rhizosolenia delicatula,
80957402,-168.07712,26.85965,2018-09-21 00:00,Keratoisidinae,1932.0
81698464,-170.00262,-19.49528,2016-06-12 00:00,Cercozoa,50.4
54687316,10.3182,56.1546,2014-07-14 00:00,Rhizosolenia delicatula,7.7
3716534,-178.6175,-43.5195,2007-04-17 00:00,Desulfuromusa,
85429861,152.04,-23.51,2012-12-02 00:00,Plectropomus leopardus,8.1
7664920,0.84709,53.61975,2011-10-02 00:00,Goodallia triangularis,24.7
42331886,148.30984,-41.88012,1993-05-19 00:00,Notolabrus tetricus,10.0
15813484,-122.4677,48.3128,2003-01-09 00:00,Anas platyrhynchos,
51911272,-5.76684,56.37243,2007-03-29 00:00,Melinna palmata,23.0
18502613,1.9875854,61.327,2008-05-01 00:00,Polycarpa fibrosa,155.0
11556364,147.61842,-19.30847,2020-03-05 00:00,Stephanoecidae,20.0
73437925,-1.9726163,48.53544,2002-05-29 00:00,Rhizosolenia delicatula,
27517422,145.18481,-42.19536,2006-04-25 00:00,Notolabrus tetricus,5.0
91533333,146.49,-18.61,2014-12-10 00:00,Plectropomus leopardus,
49704459,147.01,-19.21,2012-12-17 00:00,Carcharhinus limbatus,
3095666,-170.46883,-47.112133,2016-05-19 00:00,Stephanoecidae,59.8
90357816,-123.8873,48.1619,1996-01-17 00:00,Mergus serrator,
60034764,-6.9667,57.1667,1995-03-23 00:00,Merluccius merluccius,120.0
41875900,130.0575,21.034166,1973-11-29 00:00,Gobiidae,
72909992,-69.038895,44.22149,2015-05-19 00:00,Ammodytes americanus,10.88136
16463141,30.352081,32.534164,2007-11-12 00:00,Acidobacteria,
63529651,146.49,-18.61,2015-03-24 00:00,Plectropomus leopardus,
51939148,117.44,-19.46083,1990-10-07 00:00,Abalistes stellatus,79.0
89343895,21.083332,59.033333,2010-07-27 00:00,Gymnodinium,5.5
85186432,135.33333,33.683334,1994-01-01 00:00,Mytilisepta virgata,-1.5
23000573,153.562,-27.345,2018-03-01 00:00,Pseudotontonia simplicidens,40.0
61301547,-172.65121,-13.499917,2005-08-19 00:00,Acanthurus lineatus,
45328961,148.93,-20.25,2020-11-09 00:00,Carcharhinus limbatus,11.5
12163738,179.63,-43.9772,2007-04-09 00:00,Acidobacteria,
40202939,153.562,-27.345,2015-05-11 00:00,Pseudotontonia simplicidens,50.0
15731166,-167.7812,25.88729,2015-08-19 00:00,Keratoisidinae,1985.0
91402654,-177.80127,26.43059,2016-03-10 00:00,Keratoisidinae,2009.0
43989640,-2.9242,46.2227,2005-10-22 00:00,Merluccius merluccius,-9.0
33423043,-8.32964,51.8409,2020-06-18 00:00,Melinna palmata,4.5
44978774,4.302219,52.301216,2008-05-29 00:00,Rhizosolenia delicatula,
73176595,-83.007,8.68025,,Dajaus monticola,
93628701,11.406667,53.949165,2011-05-25 00:00,Gymnodinium,1.5
29277686,115.41667,-32.0,2016-12-13 00:00,Cercozoa,20.0
80539409,-70.67076,41.526566,2007-01-15 00:00,Chromatiaceae,
57853940,148.23334,-42.59667,2019-09-25 00:00,Fibrobacteraceae,10.0
90984569,72.72,11.11,1969-01-01 00:00,Acanthurus lineatus,
87626956,-7.89373,50.27124,2012-07-09 00:00,Melinnacheres steenstrupi,107.0
70428591,-119.81,34.055,2019-08-05 00:00,Oxyjulis californica,8.1
95091025,-5.634704,54.7412,1995-04-04 00:00,Tharyx killariensis,
83561373,151.94,-23.43,2014-03-28 00:00,Plectropomus leopardus,
91887949,5.315,59.335,1999-09-29 00:00,Nucella lapillus,
52302,151.93,-23.43,2014-04-10 00:00,Plectropomus leopardus,
24152447,144.62,-38.29,2003-01-14 00:00,Notolabrus tetricus,
35723489,2.647,51.14133,2009-10-01 00:00,Magelona,
76019358,-16.608604,48.832375,1997-07-11 00:00,Psychropotes longicauda,4843.5
4803975,178.50583,-18.618334,1983-03-24 00:00,Chromis xanthura,
99301733,-2.35098,47.25789,1996-08-12 00:00,Gymnodinium,
85168280,-5.037282,50.19788,2010-04-14 00:00,Pterothamnion plumula,5.0
29685933,3.05,51.453,2010-09-01 00:00,Magelona,
94634533,165.55,11.63,1947-08-24 00:00,Acanthurus guttatus,0.0
29147835,114.2978,-21.71156,2014-05-14 00:00,Pomacentrus coelestis,8.4
79905906,-5.233333,48.233334,2022-06-16 00:00,Merluccius merluccius,112.0
55593373,146.49,-18.61,2014-01-13 00:00,Plectropomus leopardus,4.6
40768637,-1.130608,46.055145,1989-07-17 00:00,Gymnodinium,
22715582,151.94,-23.43,2014-05-28 00:00,Plectropomus leopardus,
73540824,-43.16331,-22.95398,2015-07-01 00:00,Chthamalus bisinuatus,
46384440,-174.41,46.3,2011-08-11 00:00,Puffinus bulleri,0.0
34914554,153.562,-27.345,2021-04-15 00:00,Duboscquella,30.0
69420078,126.9,28.417,1979-05-05 00:00,Nitzschia closterium,0.0
30017166,179.5,-74.3333,1967-01-01 00:00,Cetoconcha spinosula,202.0
86643643,-11.8315,53.7497,2008-09-23 00:00,Merluccius merluccius,151.0
82743614,17.1174,-29.9335,1985-12-20 00:00,Thunnus alalunga,
93884543,-126.86667,44.666668,1980-08-08 00:00,Diaphus theta,0.0
53640895,-126.3465,49.238,2018-08-11 00:00,Sebastes maliger,46.5
8185282,-11.281,49.663,2017-03-02 00:00,Merluccius merluccius,200.0
51652673,-7.9122,50.5468,2007-11-27 00:00,Merluccius merluccius,117.0
31159755,-118.124,33.54667,2005-10-06 00:00,Plumarella longispina,191.0
95331900,139.9918,-66.6661,,Saliasterias brachiata,-33.0
32612905,-124.66465,49.589783,2005-06-26 00:00,Myctophidae,
7323747,-63.83771,47.58121,2007-07-12 00:00,Gymnelus viridis,65.8368
33550865,21.44007,61.58948,2009-06-01 00:00,Enchytraeidae,12.0
41445619,146.49,-18.61,2015-04-06 00:00,Plectropomus leopardus,
55648122,59.466805,-0.56680554,,Abalistes stellatus,
18132396,-149.916,-17.483,1986-10-24 00:00,Macteola,
92958321,8.46,55.03,1998-07-23 00:00,Amphidinium,
35305484,23.098097,58.743603,2011-01-01 00:00,Anas platyrhynchos,
63148820,178.49716,-35.7415,,Aegiochus nohinohi,348.0
90893542,134.46388,7.336944,1957-10-07 00:00,Gobiidae,2.285
2302283,130.76805,-12.4,2018-05-09 00:00,Fibrobacteraceae,17.0
34873986,9.425,37.767,1999-06-19 00:00,Merluccius merluccius,440.0
91359673,159.062,-31.5126,2019-03-10 00:00,Onychoprion fuscatus,0.0
35257302,-155.26111,18.31222,2006-11-04 00:00,Chromatiaceae,
44015125,40.35,-20.906,2003-09-11 00:00,Onychoprion fuscatus,
88232589,-12.1498,53.7018,2013-09-18 00:00,Merluccius merluccius,161.5
60145291,21.0833,-35.8333,1992-04-16 00:00,Holohalaelurus regani,
22419299,147.29,-18.63,2013-09-25 00:00,Plectropomus leopardus,
68803072,151.205,-14.82249,1997-05-11 00:00,Melanocetidae,
92550345,151.39,-34.0,1952-01-01 00:00,Zeus faber,
60464968,2.1706212,56.840603,2005-10-22 00:00,Ophelina modesta,85.9
99990344,151.16,-34.075,,Gymnodinium,
39309492,-170.76204,-14.371686,2015-03-06 00:00,Chromis xanthura,21.4
65057569,178.4,-18.1642,2002-01-31 00:00,Chromis,87.0
73156062,3.3958,59.2192,2008-08-29 00:00,Merluccius merluccius,185.0
54010857,-3.67819,53.53779,2001-08-02 00:00,Liocarcinus pusillus,
63949042,-2.84013,53.73985,2008-04-23 00:00,Enchytraeidae,0.0
20129969,-5.030524,50.15758,2013-09-12 00:00,Gobiidae,
47738521,17.66667,57.11667,2002-08-15 00:00,Gymnodinium,5.5
1606963,0.8167,53.9667,1992-08-18 00:00,Echiichthys vipera,47.0
86185785,4.2991,52.7945,2004-01-26 00:00,Echiichthys vipera,25.0
8691331,135.64444,33.41389,,Stlengis distoechus,
81484109,-175.285,-42.85,1989-08-12 00:00,Diastobranchus capensis,1119.0
13959402,-119.4375,34.01473,2009-10-17 00:00,Phanerodon vacca,9.0
95813171,-7.854,51.363,2013-11-12 00:00,Todaropsis eblanae,46.5
98164813,16.6,-31.9333,2002-01-25 00:00,Apogonichthys,
2849664,-126.953,49.808,,Dodecaceria,
34377189,-10.15,5.9333334,1963-11-06 00:00,Zenion hololepis,
1315341,-6.00102,51.2504,1999-05-14 00:00,Tharyx killariensis,0.0
94423049,-73.45167,11.292222,2001-07-02 00:00,Stereonephthya portoricensis,
82970963,39.383335,-4.65,,Apogonichthyoides taeniatus,
84629531,65.83,71.0,1993-09-13 00:00,Gymnodinium,0.0
852501,174.73,-35.47,,Zeus faber,
49824871,11.42633,58.24467,1998-05-18 00:00,Parathyasira equalis,40.0
76238505,-8.437,43.422,2013-12-10 00:00,Rhizosolenia delicatula,31.0
18076881,30.282,-30.9774,1989-02-21 00:00,Plectorhinchus,
32269756,1.5189909,50.75313,2003-02-17 00:00,Rhizosolenia delicatula,
63166256,18.4972,-34.3569,1999-05-16 00:00,Thunnus alalunga,
56919921,148.23334,-42.59667,2017-04-12 00:00,Stephanoecidae,50.0
58870296,-174.25462,-42.169,2016-05-28 00:00,Coccolithales,24.9
38655535,153.562,-27.345,2020-08-17 00:00,Gregarinasina,0.0
675639,22.650364,59.161785,2016-01-01 00:00,Mergus serrator,
36449041,130.21751,-34.74354,2015-12-18 00:00,Stephanoecidae,60.0
20910600,17.66667,57.11667,2004-08-12 00:00,Acartia (Acanthacartia) bifilosa,50.0
60592885,2.913,51.288,2010-10-01 00:00,Magelona,
30901272,147.61842,-19.30847,2021-05-12 00:00,Pelagicoccus albus,0.0
5537605,-3.93333,51.35,1975-02-11 00:00,Acartia (Acanthacartia) bifilosa,
53474595,46.5,-9.4,1948-01-01 00:00,Ulva kylinii,
60732931,-63.50083,-64.8175,1963-03-01 00:00,Ophiura rouchi,
37401329,0.4167,58.1833,1985-02-11 00:00,Merluccius merluccius,145.0
85187845,151.94,-23.43,2014-03-28 00:00,Plectropomus leopardus,
23817460,-162.3965,-4.58264,2017-05-03 00:00,Keratoisidinae,2103.0
32171495,-70.113,-20.474,2005-10-01 00:00,Thalassiosira aestivalis,10.0
17373649,22.466703,58.211674,2010-01-01 00:00,Mergellus albellus,
85225759,8.1786,63.4214,,Mergus serrator,
52387369,145.75569,18.10584,2014-04-20 00:00,Macolor niger,10.3
77499854,-73.83,20.41,1992-12-10 00:00,Eretmochelys imbricata,260.0
56216809,17.9489,-33.0161,1992-05-23 00:00,Thunnus alalunga,
807392,6.9961,62.8533,,Mergus serrator,
53086076,-11.1823,53.9648,2018-09-22 00:00,Merluccius merluccius,111.0
65126059,-45.7025,-24.1054,2022-02-19 00:00,Diplodus argenteus,5.0
47838485,2.25,51.08889,1971-06-30 00:00,Rhizosolenia delicatula,10.0
45691186,-156.69807,20.521513,2016-07-15 00:00,Acanthurus guttatus,6.7
30556126,2.20955,61.533924,2005-05-01 00:00,Polycarpa fibrosa,351.0
37596335,6.661199,53.55913,2002-10-18 00:00,Triceratium alternans f. alternans,
41783557,148.51334,-47.251667,1975-12-22 00:00,Diastobranchus capensis,949.0
80853496,11.0333,54.6,1908-05-01 00:00,Coscinodiscus concinnus,
66868222,134.89667,34.565,1980-07-22 00:00,Gymnodinium,0.0
26285024,146.94,-19.27,2014-03-27 00:00,Carcharhinus limbatus,
92007432,116.80584,-20.22333,1982-09-28 00:00,Abalistes stellatus,41.0
32644739,157.39896,-8.73221,2015-10-17 00:00,Acanthurus lineatus,10.0
97092537,6.943939,53.334934,2022-09-06 00:00,Actinocyclus senarius,
7186784,-12.9305,53.3223,2012-09-18 00:00,Merluccius merluccius,148.0
27516325,124.01936,24.29836,2005-08-20 00:00,Acropora gemmifera,
47525630,170.81693,41.05356,2019-08-11 00:00,Keratoisidinae,2330.0
22307276,-7.567,51.035,2007-11-17 00:00,Merluccius merluccius,51.0
15897030,11.58,58.2305,2004-06-01 00:00,Gymnodinium,15.0
87872453,159.051,-31.49836,1962-11-28 00:00,Onychoprion fuscatus,
78675434,-5.7833,58.0167,1998-02-16 00:00,Merluccius merluccius,116.0
90682409,-12.6073,53.0745,2021-09-19 00:00,Merluccius merluccius,187.0
80467169,-1.20527,45.799805,1995-09-05 00:00,Rhizosolenia delicatula,
82543432,130.76805,-12.4,2017-07-14 00:00,Cercozoa,10.0
4101605,153.562,-27.345,2015-09-06 00:00,Nannocystaceae,40.0
8855638,146.49,-18.61,2014-08-08 00:00,Plectropomus leopardus,4.6
16644798,145.3725,-14.694166,1995-02-09 00:00,Dipsastraea matthaii,6.0
72581897,128.067,-33.5093,1998-10-26 00:00,Globorotaloides testarugosus,248.0
26298808,-161.04102,71.45533,2015-08-20 00:00,Oenopota impressa,45.4
23647444,5.1126,43.41653,2015-04-23 00:00,Melinna palmata,
75109235,-7.409,51.914,2018-12-04 00:00,Maja squinado,56.0
15048008,-2.2665,47.240334,2005-05-23 00:00,Nucella lapillus,
10568033,115.41667,-32.0,2016-06-20 00:00,Amphidinium,0.0
31913219,163.86,-20.196667,1988-05-02 00:00,Myurella conspersa,23.5
94029903,-31.5733,58.1167,1966-09-26 00:00,Rhizosolenia acuminata,7.5
83283187,21.902876,58.30972,2003-01-01 00:00,Anas platyrhynchos,
25797192,-79.379,11.491,1979-08-16 00:00,Pyrgo rotalaria,108.0
53496805,146.49,-18.61,2015-03-28 00:00,Plectropomus leopardus,
15598903,5.4032,63.504845,2015-05-01 00:00,Polycarpa fibrosa,826.0
585860,-58.0503,33.4334,2010-05-22 00:00,Gymnodinium,201.0
55613909,16.5583,-30.5967,1991-11-10 00:00,Calanus agulhensis,100.0
30087725,-173.95137,-41.72763,2016-05-28 00:00,Fibrobacteraceae,7.2
1050130,176.88,26.84,2011-05-31 00:00,Puffinus bulleri,0.0
26723330,169.557,-35.5972,2003-06-04 00:00,Coryphaenoides,
63018924,-12.70415,44.0558,1974-04-18 00:00,Rosacea plicata,455.0
88661247,-70.86,39.58,2001-09-04 00:00,Thunnus alalunga,35.0
28899440,-79.71667,25.475,,Diaphus,
32444256,-2.91672,47.56555,2017-04-21 00:00,Pterothamnion plumula,
66149736,147.95,-43.016,1970-04-02 00:00,Anabathron luteofuscum,
9425543,-1.2637435,44.54228,2016-11-24 00:00,Gymnodinium,
42561059,19.58333,61.08333,1995-08-10 00:00,Acartia (Acanthacartia) bifilosa,12.5
5970749,2.2667,54.8167,1996-04-14 00:00,Echiichthys vipera,20.0
98537954,143.015,-11.695,1993-01-14 00:00,Selar boops,17.0
51952407,147.37744,-39.44677,1992-06-23 00:00,Notolabrus tetricus,5.0
41034667,-168.63,65.62,1934-08-01 00:00,Nitzschia closterium,25.0
83916238,41.3849,16.9789,2014-10-24 00:00,Gobiidae,6.2
98089841,-2.691,60.3705,2010-08-31 00:00,Merluccius merluccius,180.0
75610390,145.76352,18.164618,2014-04-22 00:00,Chromis alpha,23.8
78320346,154.03082,-28.01675,2016-09-19 00:00,Cercozoa,160.0
79630274,-170.76248,-14.370786,2018-07-17 00:00,Chromis alpha,17.5
79190584,-68.72517,62.20333,2007-01-01 00:00,Gorgonocephalus arcticus,136.0
23215621,18.7333,-35.1,1987-06-18 00:00,Todaropsis eblanae,
90225349,6.09495,62.44463,2014-10-22 00:00,Merluccius merluccius,103.145004
70569520,18.23333,58.58333,2008-04-09 00:00,Acartia (Acanthacartia) bifilosa,15.0
6834922,19.178,-34.7632,1999-05-21 00:00,Calanus agulhensis,44.45
30136202,-4.696167,48.3425,2004-02-19 00:00,Nucella lapillus,
43917666,148.23334,-42.59667,2018-03-01 00:00,Stephanoecidae,85.0
95256267,146.284,-39.023,2002-11-11 00:00,Notolabrus tetricus,
13248267,147.29,-18.62,2014-09-28 00:00,Plectropomus leopardus,
8788392,-9.06,38.44,1995-06-16 00:00,Dictyota dichotoma,
57080586,26.65124,59.54665,2008-08-08 00:00,Cladophora rupestris,0.5
82063625,-5.887,59.603,2015-02-21 00:00,Merluccius merluccius,68.0
15150113,-70.327,11.939,2010-01-19 00:00,Eretmochelys imbricata,
26783612,-1.132,59.136,2009-02-02 00:00,Merluccius merluccius,122.0
66062948,-69.73292,39.87191,2013-07-10 00:00,Myctophidae,574.0
79484385,151.22667,-34.11923,2015-06-29 00:00,Pseudotontonia simplicidens,25.0
42904227,147.9393,-39.70147,2006-07-08 00:00,Notolabrus tetricus,5.0
808680,-0.77606,50.72972,2011-01-25 00:00,Nucella lapillus,
95652486,115.41667,-32.0,2019-05-26 00:00,Cercozoa,0.0
70608834,-39.24894,-3.22325,2010-10-08 00:00,Pterocladiella caerulescens,
27660676,30.0078,70.07,,Mergus serrator,
96959872,-62.9463,47.8182,1999-08-11 00:00,Gymnelus viridis,73.152
92140530,-175.16866,27.85471,2015-08-14 00:00,Keratoisidinae,2154.0
25053047,4.0833,53.1,1990-08-30 00:00,Echiichthys vipera,29.0
47670886,145.63,-16.38,1929-05-07 00:00,Gymnodinium,10.0
93965448,-5.352327,57.98914,1996-06-02 00:00,Dictyota dichotoma,9.5
11916696,29.715,70.07467,2006-09-06 00:00,Nucella lapillus,
89054828,168.42303,-17.512716,2003-07-23 00:00,Chaetodon citrinellus,
7713562,152.29,-23.8,1986-02-26 00:00,Fregata minor,0.0
88554410,115.41667,-32.0,2016-12-13 00:00,Cercozoa,40.0
76609781,-8.908,50.624,2004-10-31 00:00,Merluccius merluccius,60.0
48798514,-167.2393,25.62635,2015-08-04 00:00,Keratoisidinae,2154.0
64955005,129.75,36.7,2006-07-02 00:00,Dictyota dichotoma,
48014070,139.86945,35.399166,1990-05-30 00:00,Eucampia zoodiacus,
57599702,3.3166,51.6333,1990-09-11 00:00,Echiichthys vipera,16.0
30411381,24.73551,60.08005,2013-07-24 00:00,Gymnodinium,2.0
34508157,13.46717,45.62883,1990-09-08 00:00,Melinna palmata,19.0
20906366,8.233334,4.4,1963-11-01 00:00,Zenion hololepis,
98507424,11.0775,63.8397,,Anas platyrhynchos,
89958392,148.23334,-42.59667,2018-12-04 00:00,Cercozoa,85.0
1943506,18.4972,-34.3569,2002-05-01 00:00,Thunnus alalunga,
80550554,12.65217,56.3155,2011-06-08 00:00,Amphidinium,5.0
37497205,-3.1669,51.4054,2011-01-19 00:00,Nucella lapillus,
7057565,11.2977,55.0077,2001-12-03 00:00,Rissoa,0.0
21844229,19.55,-35.95,2000-01-21 00:00,Todaropsis eblanae,
95503864,167.0,-30.0,2011-05-21 00:00,Nannocystaceae,100.0
49676189,-5.12,58.4,2010-07-24 00:00,Nucella lapillus,
36266067,123.666,13.166,,Gobiidae,
14281896,-81.118286,24.625933,2000-06-20 00:00,Xyrichtys splendens,8.5
26488259,153.562,-27.345,2016-05-16 00:00,Stephanoecidae,40.0
84502827,145.647,-38.677,2002-08-02 00:00,Dictyota dichotoma,
68759848,2.3851483,59.959946,1997-05-01 00:00,Ophelina modesta,106.0
21484351,-9.66658,53.87278,2014-09-15 00:00,Melinna palmata,26.6
18034976,-80.14797,25.34367,2018-07-20 00:00,Epinephelus guttatus,8.4
6634059,18.952833,62.653,2015-06-04 00:00,Acartia (Acanthacartia) bifilosa,95.5
48393374,3.64167,55.1667,1998-01-01 00:00,Magelona,37.0
681870,146.49,-18.61,2014-11-28 00:00,Plectropomus leopardus,
95151946,-164.7,83.7833,1957-12-09 00:00,Conchoecia,150.0
52228404,152.91118,-33.00088,2016-09-15 00:00,Cercozoa,120.0
73563546,-25.319393,37.724037,2008-05-26 00:00,Sphingobacteriales,
47411421,-73.89167,20.4,1995-05-13 00:00,Thunnus alalunga,880.0
22339592,17.1174,-29.9335,1988-12-11 00:00,Thunnus alalunga,
84274601,8.43361,55.02861,2008-04-12 00:00,Acidobacteria,
37927869,146.9,-19.26,2013-08-20 00:00,Carcharhinus limbatus,
34968780,121.788,-13.0825,2001-05-03 00:00,Oridorsalis,0.0
18756935,2.128217,61.455173,2002-05-01 00:00,Polycarpa fibrosa,312.0
99463528,-5.72811,57.02084,2008-07-31 00:00,Tharyx killariensis,45.0
97208825,-3.809,51.4585,1977-05-09 00:00,Acartia (Acanthacartia) bifilosa,
6881456,141.34833,-12.57333,1995-02-17 00:00,Abalistes stellatus,34.0
87158041,3.2185686,51.376415,2023-02-14 00:00,Actinocyclus senarius,0.5
36960982,2.1631362,60.077446,1997-05-01 00:00,Tharyx killariensis,105.0
44016697,1.052819,52.96632,2015-08-11 00:00,Halyphysema tumanowiczii,4.85
89626053,-56.25,-61.33,1998-03-24 00:00,Amphidinium,50.0
68957130,1.8333,54.45,1995-02-02 00:00,Echiichthys vipera,15.0
99473938,22.26839,58.62808,2012-06-28 00:00,Amphidinium,5.5
47795831,-65.62209,46.95805,2009-08-11 00:00,Cyprinidae,
35083397,-81.219215,25.546432,2006-10-17 00:00,Gobiidae,2.98
72253330,-1.4296404,50.7297,2006-08-12 00:00,Cladophora rupestris,
78292218,2.4335,51.2435,2014-03-01 00:00,Echiichthys vipera,
47622450,1.9573271,61.442142,2002-05-01 00:00,Tharyx killariensis,287.0
59045720,17.43,-32.27,2006-02-07 00:00,Todaropsis eblanae,163.0
46304002,153.14,-31.52,2017-09-04 00:00,Myctophidae,50.0
63267923,-70.143,12.124,,Gracilaria,
53874662,147.08,-18.64,2012-02-05 00:00,Plectropomus leopardus,
70819830,-7.7833,55.85,1990-12-01 00:00,Merluccius merluccius,144.0
54312291,18.4972,-34.3569,2001-11-24 00:00,Thunnus alalunga,
5134051,2.4513302,59.267082,2006-05-01 00:00,Polycarpa fibrosa,
24483734,-62.57479,47.17905,2008-07-19 00:00,Gorgonocephalus arcticus,67.6656
53710952,17.9489,-33.0161,2001-01-12 00:00,Thunnus alalunga,
78376761,-73.76,38.01,2002-08-21 00:00,Thunnus alalunga,8.0
44882080,-3.968333,48.771667,2011-05-25 00:00,Rhizosolenia delicatula,1.0
44799909,0.74922603,40.77876,2007-08-06 00:00,Gymnodinium,6.0
85459001,-178.0946,-14.290167,2005-11-02 00:00,Acanthurus guttatus,
87253804,48.27,-13.33,,Stereonephthya nosybearia,10.0
53827131,143.68,-38.76,2004-01-06 00:00,Dictyota dichotoma,
29752461,2.4545112,59.262325,2006-05-01 00:00,Parathyasira equalis,
92916634,49.266,-12.2,,Antigona lamellaris,
91330267,-171.74103,25.742533,2009-10-14 00:00,Canthigaster coronata,14.0
37195119,151.22667,-34.11923,2020-06-30 00:00,Cercozoa,100.0
26484937,23.0167,-34.4167,1989-05-17 00:00,Gonorynchus gonorynchus,
49372024,147.0,-19.24,2013-06-11 00:00,Carcharhinus limbatus,
54680340,136.9374,-13.6335,2010-08-30 00:00,Eretmochelys imbricata,0.0
93165204,-38.88845,-14.409317,2016-04-05 00:00,Lenticulina gibba,422.0
68163006,172.5647,-40.4777,1990-02-17 00:00,Nototodarus sloanii,81.5
22256892,21.3098,-34.4625,1999-11-28 00:00,Calanus agulhensis,15.5
25023316,-165.8829,23.690365,,Hirundichthys speculiger,
66998517,-88.61667,28.983334,,Desmodema polystictum,
60206617,29.0636,70.1247,,Mergus serrator,
11240751,-84.95958,21.90898,2017-05-22 00:00,Mycale (Mycale) laevis,64.0
73902547,-127.933334,51.40333,2014-08-25 00:00,Sebastes maliger,
93270715,-169.46819,-14.2147,2010-03-12 00:00,Montipora,45.0
48224514,146.305,-39.04,2004-08-27 00:00,Notolabrus tetricus,
21041271,152.9,-25.283,,Notocochlis gualteriana,
35638729,-160.2235,21.7867,2006-08-11 00:00,Parupeneus cyclostomus,14.0
20705570,-123.305664,38.55512,2011-10-20 00:00,Phanerodon vacca,7.3
35128837,148.88733,-20.165667,1995-05-05 00:00,Dipsastraea favus,8.0
39478024,136.9163,-13.632,2010-09-12 00:00,Eretmochelys imbricata,0.0
65996180,-6.351002,49.88116,2018-06-21 00:00,Dictyota dichotoma,13.5
77421692,-168.75027,-7.49845,2016-06-19 00:00,Chloroflexi,5360.9
67673642,115.41667,-32.0,2019-11-25 00:00,Cercozoa,0.0
43213278,152.04,-23.51,2012-11-02 00:00,Plectropomus leopardus,8.1
43687644,146.49,-18.61,2014-07-14 00:00,Plectropomus leopardus,8.2
38342618,18.4972,-34.3569,1993-12-09 00:00,Thunnus alalunga,
99639778,2.808,51.432,2011-03-01 00:00,Capitella minima,
86088267,-4.21666,50.25,1997-11-10 00:00,Actinocyclus senarius,
98680313,115.41667,-32.0,2015-09-23 00:00,Stephanoecidae,10.0
57065438,150.3666,-21.01455,2009-01-16 00:00,Abalistes stellatus,16.0
89162268,-93.60336,27.90726,2007-09-10 00:00,Madracis auretenra,104.5
519269,9.255,37.617,2004-09-08 00:00,Zeus faber,243.0
13242363,2.2566688,59.785435,2000-01-01 00:00,Ophelina modesta,106.0
75740543,-78.94975,31.83354,1983-05-04 00:00,Onychoprion fuscatus,
16450289,144.659,-38.304,2004-07-19 00:00,Zonaria turneriana,
43986164,-77.557,-12.22,1986-01-29 00:00,Gymnodinium,50.0
56794157,-48.3691,58.2093,1985-10-04 00:00,Psammosphaera fusca,519.0
55028342,-66.74697,17.95955,2016-08-01 00:00,Epinephelus guttatus,18.0
21418361,18.89033,57.44473,2020-09-30 00:00,Cladophora rupestris,3.0
61288057,-10.529,50.726,2016-11-23 00:00,Todaropsis eblanae,80.0
75099207,-4.5807834,48.29685,2015-03-20 00:00,Melinna palmata,
93551110,25.5,39.7667,1987-08-26 00:00,Rhizosolenia delicatula,50.0
93086808,8.7958,54.1284,2007-03-28 00:00,Charadrius hiaticula,
74165486,-4.325867,48.13465,2016-02-25 00:00,Paradoneis armata,
2918851,149.067,44.55,1906-06-25 00:00,Rosacea plicata,
94397334,132.50833,-3.13167,1979-07-04 00:00,Montipora,4.0
90872972,151.3333,-33.9583,1994-04-10 00:00,Serranidae,31.4
58736044,-13.4665,52.8247,2017-09-05 00:00,Merluccius merluccius,126.5
39683498,13.9344,68.2831,,Mergus serrator,
7544264,-158.0,22.75,2007-12-03 00:00,Acidobacteria,
34821942,156.625,3.607,1990-02-26 00:00,Oridorsalis,7.0
57738873,-170.79294,-14.2913,2010-03-07 00:00,Montipora,49.0
16225955,154.48209,-32.47365,2016-09-16 00:00,Cercozoa,1000.0
992987,151.18549,-33.84033,,Meuschenia,
2170822,11.54667,58.32,1977-09-21 00:00,Parathyasira equalis,115.0
36002597,-81.30317,30.36383,1998-01-01 00:00,Magelona,15.9
82380764,-5.58,56.16,2007-09-07 00:00,Nucella lapillus,
21063454,19.3308,-34.6253,1996-10-30 00:00,Thunnus alalunga,
95871304,-72.36,11.75,1988-01-01 00:00,Epinephelus guttatus,
84165815,-64.1175,-42.425556,2008-05-06 00:00,Acidobacteria,
64978849,-4.217,50.25,2003-09-30 00:00,Hydnaceae,10.0
64103471,-78.71,28.66,2004-02-11 00:00,Thunnus alalunga,24.0
999944,121.35812,12.529453,,Eclogavena dayritiana,
67564007,146.469,-39.064,2005-03-08 00:00,Notolabrus tetricus,
58476121,11.37232,58.24377,1995-08-01 00:00,Carradoriella elongata,14.0
66869052,-80.59543,24.86704,2016-08-12 00:00,Xyrichtys splendens,7.5
69955837,-4.217,50.25,2013-05-29 00:00,Hydnaceae,10.0
81344320,-9.3428,49.6255,1998-11-16 00:00,Merluccius merluccius,148.0
13528348,-10.416,51.454,2014-12-08 00:00,Todaropsis eblanae,61.5
46447283,137.4418,-15.07611,1968-10-14 00:00,Plectorhinchus,42.0
24056402,146.92,-19.27,2013-10-31 00:00,Carcharhinus limbatus,
73543486,113.93,-21.95,2014-01-14 00:00,Carcharhinus limbatus,1.0
85389636,-63.928333,31.77,1973-03-21 00:00,Porroecia spinirostris,2250.0
74453397,-45.688488,-24.097748,2013-03-06 00:00,Diplodus argenteus,4.0
74381387,112.61,-26.75,,Hoplobrotula armata,
92717571,130.816,-12.416,1976-06-14 00:00,Mastonia,
46415296,-4.141344,50.33982,2015-05-17 00:00,Melinna palmata,
60147172,2.850212,60.82088,2016-05-01 00:00,Tharyx killariensis,174.0
57887062,-60.51,43.31,,Adercotryma glomeratum,163.0
77337856,115.41667,-32.0,2017-08-01 00:00,Fibrobacteraceae,0.0
73207198,6.661199,53.55913,2007-07-25 00:00,Polykrikos kofoidii,
23921316,-45.658733,-23.780832,2001-12-11 00:00,Chthamalus bisinuatus,
98090165,152.04,-23.51,2011-07-21 00:00,Plectropomus leopardus,9.1
95799989,153.366,-29.416,,Meuschenia,
61720798,176.57,-42.99,2013-10-06 00:00,Munida,418.5
93286790,9.9917,54.7878,2006-12-18 00:00,Mergus serrator,
76557104,-76.488,-14.077,1997-11-16 00:00,Gyrosigma,0.0
76373633,146.94,-19.27,2014-04-24 00:00,Carcharhinus limbatus,
43806135,2.631,51.136,2008-10-10 00:00,Magelona,
29808422,0.7737,60.8905,2011-08-02 00:00,Merluccius merluccius,145.0
8615734,-117.32547,12.192167,2015-02-28 00:00,Coryphaenoides,4063.0
65998520,-9.636022,51.59629,1996-09-14 00:00,Anaptychia fusca,
5188232,116.60834,-20.2025,1983-06-09 00:00,Abalistes stellatus,50.5
76249381,113.94939,-21.92457,2007-01-01 00:00,Pomacentrus coelestis,3.92
92761415,84.26788,27.66057,1975-04-26 00:00,Esomus danrica,
13817454,22.017216,73.41086,2017-05-01 00:00,Parathyasira equalis,461.0
55895818,-12.5833,39.05,1989-11-15 00:00,Orbulina universa,0.0
59112055,136.44733,-35.83217,2020-11-23 00:00,Pseudotontonia simplicidens,50.0
25178602,4.1749935,52.34167,2001-01-23 00:00,Actinocyclus senarius,
47429071,15.75599,56.06156,2009-10-05 00:00,Cladophora rupestris,5.55
47177716,152.04,-23.51,2013-01-01 00:00,Plectropomus leopardus,8.1
99702674,130.76805,-12.4,2015-08-03 00:00,Cercozoa,10.0
17542029,148.23334,-42.59667,2016-02-09 00:00,Chloroflexi,75.0
8027450,147.29,-18.63,2013-09-06 00:00,Plectropomus leopardus,
59049457,-36.1933,53.335,1980-10-25 00:00,Rhizosolenia acuminata,7.5
97016653,-0.0226232,49.335022,2016-05-12 00:00,Melinna palmata,
43207988,-8.3471,51.5239,2001-11-24 00:00,Merluccius merluccius,84.0
97158718,-4.896569,51.61266,2001-07-02 00:00,Maja squinado,5.35
64657932,7.311,43.693,2009-04-03 00:00,Melinna palmata,
74985826,3.1833,59.2833,2010-02-06 00:00,Merluccius merluccius,143.0
95471483,115.41667,-32.0,2017-05-22 00:00,Phaeophyceae,46.0
36436355,-131.03166,54.333332,2010-09-04 00:00,Sebastes maliger,
25829411,151.22667,-34.11923,2017-05-17 00:00,Cercozoa,50.0
53612229,173.3842,-44.08,1977-03-16 00:00,Nototodarus sloanii,105.0
22679688,11.2233,63.8556,,Mergus serrator,
56931187,-169.56238,16.19749,2017-07-17 00:00,Keratoisidinae,2157.0
71174977,-170.00272,-32.99528,2016-06-02 00:00,Stephanoecidae,48.6
62582808,-4.31,52.84,2011-03-23 00:00,Melinna palmata,0.0
11036737,0.17685,50.40715,2006-07-24 00:00,Notomastus latericeus,55.0
45094068,-122.6342,48.5823,2003-01-10 00:00,Mergus serrator,
24392293,1.4494896,50.74813,2013-08-05 00:00,Gymnodinium,
36699846,-5.52,56.388332,2010-07-12 00:00,Nucella lapillus,
18020206,21.977215,58.35281,1980-01-01 00:00,Anas platyrhynchos,
28485275,-14.3868,52.9502,2014-09-10 00:00,Merluccius merluccius,157.0
37741337,2.9135,51.5431,2022-09-01 00:00,Echiichthys vipera,
29149408,9.807667,58.98083,2001-10-24 00:00,Nucella lapillus,
81521351,-68.57463,48.66768,2009-08-18 00:00,Amphidinium,10.0
99127822,17.0595,-32.8553,1998-11-09 00:00,Calanus agulhensis,98.5
18940962,-2.2436721,48.64318,1998-09-07 00:00,Rhizosolenia delicatula,
21493137,-1.106601,50.8136,2013-09-21 00:00,Tharyx killariensis,
25686549,141.9196,-10.5985,1958-01-01 00:00,Actinocyclus senarius,
80573947,-88.0367,30.2633,2001-09-18 00:00,Cynoscion nothus,
41859858,-12.4313,53.3093,2016-09-28 00:00,Merluccius merluccius,183.0
52030724,145.974,-16.6061,2012-09-15 00:00,Onychoprion fuscatus,0.0
18783411,137.0,23.983,1983-07-19 00:00,Rhizosolenia delicatula,0.0
52711175,-170.01602,-50.50313,2016-05-17 00:00,Chloroflexi,6.3
17448400,-3.937255,53.35242,2001-07-26 00:00,Magelona,15.1
82008463,-3.01935,48.82359,2003-10-27 00:00,Melinna palmata,
40673739,-5.100295,58.419567,2009-08-05 00:00,Oxydromus flexuosus,
25082756,-168.16591,-14.536811,2016-05-04 00:00,Acanthurus lineatus,5.5
19723649,-122.038345,36.684734,2015-05-11 00:00,Triphoturus mexicanus,216.0
39930787,2.3334994,51.06865,1994-12-14 00:00,Gymnodinium,
7115203,-81.844635,24.465834,2003-08-13 00:00,Xyrichtys splendens,2.7
41481782,-81.51,24.64,1921-05-23 00:00,Granulina hadria,
35780521,150.53854,-20.99147,2016-03-14 00:00,Plectropomus leopardus,5.0
52650818,3.221008,56.418667,2008-05-01 00:00,Tharyx killariensis,67.0
39966384,-117.879196,33.59688,,Oxyjulis californica,
25886745,-117.795,33.54225,2014-10-21 00:00,Oxyjulis californica,10.8
45036606,3.948681,51.43251,1997-06-10 00:00,Theristus,0.0
92192477,-123.384,48.423,2012-01-01 00:00,Diplosoma listerianum,
34010412,178.481,-18.156,1990-07-08 00:00,Bostrychia radicans,0.5
69350263,122.442,-12.629,2017-11-07 00:00,Onychoprion fuscatus,0.0
74124719,146.49,-18.61,2014-08-03 00:00,Plectropomus leopardus,8.2
72498356,153.562,-27.345,2018-08-16 00:00,Nannocystaceae,0.0
22891534,-61.34667,48.24,2008-08-07 00:00,Phaeophyceae,383.0
73556239,18.0886,-33.4256,2004-01-13 00:00,Thunnus alalunga,
21375815,0.49879,53.42292,2003-06-30 00:00,Notomastus latericeus,13.5
29952311,-171.0707,-11.0635,2008-03-17 00:00,Montipora,43.0
64486439,-9.4583,55.02,1958-03-16 00:00,Coscinodiscus concinnus,7.5
85052102,-48.331676,-27.264465,2011-12-15 00:00,Diplodus argenteus,10.0
87294428,153.56,-28.86,2000-02-28 00:00,Gymnodinium,
25762355,151.333,-33.817,1990-11-26 00:00,Serranidae,20.0
87319492,-162.44788,6.4150257,2012-05-10 00:00,Chromis xanthura,20.4
69299193,-47.166,-26.74,1997-05-15 00:00,Pseudopercis numida,133.0
60546287,-10.879,50.361,2020-11-21 00:00,Merluccius merluccius,120.0
40771985,7.3058105,65.32822,2021-05-01 00:00,Ophelina norvegica,345.0
81222587,148.23334,-42.59667,2020-05-26 00:00,Stephanoecidae,0.0
88071777,147.3445,-43.12683,1994-02-02 00:00,Notolabrus tetricus,3.0
48467504,153.35,-30.65,,Serranidae,
2001675,-6.756,52.005,2011-11-13 00:00,Merluccius merluccius,28.5
42141546,40.673058,-15.091667,2009-12-01 00:00,Epinephelus malabaricus,1.0
71184077,-61.133335,10.416667,1960-02-25 00:00,Dajaus monticola,
70033773,-83.43103,29.6624,1987-06-06 00:00,Granulina hadria,
50417296,-4.217,50.25,2005-01-31 00:00,Hydnaceae,10.0
38657712,18.4972,-34.3569,2005-06-17 00:00,Thunnus alalunga,
48304147,-3.894167,48.664722,2003-05-19 00:00,Gymnodinium,
79106308,-4.217,50.25,2018-08-29 00:00,Hydnaceae,10.0
49570821,11.85557,57.37391,2008-07-23 00:00,Nucella lapillus,
51714204,11.333333,54.566666,1988-11-07 00:00,Acartia (Acanthacartia) bifilosa,10.0
17019025,12.3,56.2333,1991-11-01 00:00,Merluccius merluccius,25.0
93777311,166.59378,19.30782,2009-03-24 00:00,Montipora,0.0
85038114,0.65615,40.60905,1992-11-16 00:00,Gymnodinium,0.5
32266548,-123.43684,49.416733,2006-07-07 00:00,Malacocottus kincaidi,
4879168,-63.6535,46.184666,2008-08-07 00:00,Tautogolabrus adspersus,
29149940,8.1375,63.4572,,Mergus serrator,
66787842,-4.6160603,53.237995,1892-01-01 00:00,Nucella lapillus,
62355485,-5.51431,56.41797,2007-07-19 00:00,Tharyx killariensis,36.0
91692118,148.8849,15.89362,2016-05-05 00:00,Keratoisidinae,2037.0
96742627,-117.8687,33.5898,2013-11-02 00:00,Oxyjulis californica,8.2
86669841,-9.096,55.113,2017-03-02 00:00,Merluccius merluccius,48.0
99535867,-162.15091,5.8842835,2015-04-20 00:00,Chromis xanthura,26.0
73730591,-9.7859,49.5356,2006-11-16 00:00,Merluccius merluccius,148.0
99016961,-0.1129757,54.13173,2010-09-07 00:00,Cladophora rupestris,
95158802,139.98,-16.76,1997-10-27 00:00,Saurida argentea,20.0
54084377,-80.62247,24.84905,2011-08-03 00:00,Xyrichtys splendens,3.1
86968181,-126.60167,50.8445,2004-08-31 00:00,Sebastes maliger,81.5
74697098,-117.32547,12.192167,2015-02-28 00:00,Coryphaenoides,4063.0
87416202,147.61842,-19.30847,2020-01-15 00:00,Rhizochromulina,0.0
6832329,-176.7142,-42.782,2007-04-16 00:00,Acidobacteria,
63599472,10.7039,63.6114,,Mergus serrator,
65101866,-118.48485,33.447,2011-11-23 00:00,Oxyjulis californica,16.5
7384008,-11.2825,49.4983,2003-11-15 00:00,Merluccius merluccius,295.0
41635967,-96.423,28.593,1991-07-13 00:00,Notomastus latericeus,2.0
78954440,144.625,-38.28,2003-01-16 00:00,Dictyota dichotoma,
92250047,-74.88807,35.18238,2003-07-26 00:00,Onychoprion fuscatus,
35520305,147.1,-18.69,2014-07-21 00:00,Plectropomus leopardus,
78821058,173.33333,-34.5,1987-09-09 00:00,Puffinus bulleri,0.0
64231507,3.056693,51.472538,2022-04-19 00:00,Suctoria,0.5
67814510,-4.399723,51.63667,1998-06-01 00:00,Magelona,11.0
86292078,23.31692,58.752327,1984-01-01 00:00,Mergus serrator,
67809491,-4.544305,52.13622,2016-05-06 00:00,Dictyota dichotoma,
94903415,2.5814,51.2789,2009-10-01 00:00,Portumnus,
16109961,-157.11028,18.97884,2015-08-31 00:00,Keratoisidinae,2652.0
69675311,1.30661,51.04667,2012-06-02 00:00,Liocarcinus pusillus,23.0
58843898,11.37232,58.24377,1994-08-15 00:00,Cladophora rupestris,1.0
68627132,-178.075,-14.325,1992-05-11 00:00,Actinozonella texturata,342.5
14325796,-4.2090883,53.197742,2009-06-23 00:00,Nucella lapillus,
15824367,-66.197,49.2475,1998-06-03 00:00,Amphidinium,15.0
31643496,39.51169,-4.4116282,1994-10-01 00:00,Notocochlis gualteriana,
2957707,146.0,38.983,1979-07-08 00:00,Eucalanus californicus,150.0
57175545,-157.858,21.2934,1998-07-01 00:00,Diplosoma listerianum,
1208944,159.63167,-8.783334,,Cocculinida,911.0
87365501,-79.907,15.984,2005-01-31 00:00,Eretmochelys imbricata,
51826078,151.92,-23.45,2011-03-24 00:00,Plectropomus leopardus,18.0
45392271,116.33333,-19.53333,1983-08-11 00:00,Leiognathidae,
66923352,1.4494896,50.74813,1998-04-27 00:00,Gymnodinium,
57583674,-118.39201,33.73792,2007-09-09 00:00,Oxyjulis californica,5.6
60155368,-80.61584,24.845,,Hypoplectrus puella,
67130763,173.0833,-40.2833,1981-12-03 00:00,Nototodarus sloanii,76.0
5933464,59.5,69.3333,1993-07-19 00:00,Gymnodinium,18.0
625997,-173.9223,25.941,2002-09-16 00:00,Breviturma pica,10.0
32367161,145.55,-16.38,1980-01-01 00:00,Notocochlis gualteriana,
43630927,-159.9765,-0.370222,2017-04-03 00:00,Parupeneus cyclostomus,11.8
68555240,-14.729,51.9805,2002-09-03 00:00,Merluccius merluccius,216.5
88059012,-3.67799,51.43999,2004-10-20 00:00,Enchytraeidae,0.0
54496614,113.94,-21.97,2013-09-29 00:00,Carcharhinus limbatus,
94161895,17.6833,-33.5167,1985-07-04 00:00,Todaropsis eblanae,
33662203,2.3404167,61.038273,2014-05-01 00:00,Polycirrus latidens,129.0
78066816,-4.1904197,53.21337,2007-09-13 00:00,Nucella lapillus,
29329877,11.88333,58.33333,1999-04-06 00:00,Protoperidinium thorianum,15.0
90572209,145.15,-38.38,,Scolelepis (Scolelepis) bifida,
29616266,150.0,-44.26,1994-01-01 00:00,Orbulina universa,2667.0
95041261,-178.32828,28.45365,2008-10-01 00:00,Breviturma pica,1.5
95694710,-77.303,-12.218,2002-04-28 00:00,Actinocyclus senarius,0.0
15321683,116.6434,-64.5542,2017-01-29 00:00,Cercozoa,140.2
68172170,-0.4379915,50.2226,2005-07-30 00:00,Liocarcinus pusillus,
3058600,-169.99303,-47.99455,2016-05-19 00:00,Duboscquella,40.0
32269571,2.6572657,60.857716,2001-05-01 00:00,Tharyx killariensis,121.0
69326746,-7.6548,56.2387,2011-03-12 00:00,Merluccius merluccius,120.0
20708126,18.448,-34.818,1992-05-14 00:00,Calanus agulhensis,101.1
71317834,0.6417,61.145,2011-07-24 00:00,Merluccius merluccius,158.0
58711755,162.25,-39.8,1984-12-23 00:00,Puffinus bulleri,0.0
13218686,144.69167,-38.27166,1971-11-16 00:00,Prionospio yuriel,
78900247,152.04,-23.51,2013-01-16 00:00,Plectropomus leopardus,8.1
17143630,159.051,-31.49836,1962-11-29 00:00,Onychoprion fuscatus,
40054303,146.49,-18.6,2015-04-29 00:00,Plectropomus leopardus,
67246924,-168.49759,27.03354,2018-09-23 00:00,Keratoisidinae,2087.0
79044375,-57.43,20.2,1996-02-18 00:00,Thunnus alalunga,240.0
1701638,-4.3838925,48.39633,1993-09-14 00:00,Gymnodinium,
51514972,-78.05,33.716667,1979-09-19 00:00,Cynoscion nothus,
25124418,16.0766,54.4433,2021-02-13 00:00,Gobiidae,26.0
61655654,15.1,-29.49,1992-02-22 00:00,Todaropsis eblanae,277.0
57730376,-4.22,50.25,1999-06-21 00:00,Rhizosolenia delicatula,10.0
23154297,-10.586,51.427,2004-10-22 00:00,Todaropsis eblanae,72.5
7104755,120.74949,12.84533,2000-06-02 00:00,Gobiidae,
3172899,112.5,20.5,,Notomastus latericeus,
27730737,-4.217,50.25,2010-11-02 00:00,Hydnaceae,10.0
74162459,-61.157166,14.656973,2016-09-13 00:00,Chaetoceros diversus,
11243384,174.95,-36.6,1984-03-04 00:00,Puffinus bulleri,0.0
70918551,18.0383,-31.9167,1992-05-21 00:00,Calanus agulhensis,49.8
19521208,151.22667,-34.11923,2015-06-29 00:00,Fibrobacteraceae,10.0
58789827,-64.1175,-42.425556,2008-05-06 00:00,Sphingobacteriales,
6829181,122.2,38.71667,,Magelona,
7168014,151.94,-23.43,2014-05-11 00:00,Plectropomus leopardus,
43842019,0.7135815,40.795944,2016-10-03 00:00,Gymnodinium,0.5
39702859,-63.1718,46.8845,,Ammotium cassis,60.0
65600938,148.23334,-42.59667,2020-11-18 00:00,Sphingobacteriales,85.0
57778235,39.72002,-4.028995,1987-02-01 00:00,Gracilaria,
35527939,-54.2775,-34.576946,2008-04-25 00:00,Sphingobacteriales,
227921,-2.6040308,48.55069,1993-06-21 00:00,Rhizosolenia delicatula,
1211447,37.9062,-0.0235591,1984-01-01 00:00,Porites nigrescens,
10027050,-9.559,55.109,2013-09-26 00:00,Zeus faber,56.0
27289556,-81.69612,24.48539,2014-08-25 00:00,Xyrichtys splendens,6.7
7159931,-61.157166,14.656973,2019-02-18 00:00,Amphidinium,
63083911,145.453,-14.688,2015-05-06 00:00,Plectropomus leopardus,
58593125,151.93,-23.43,2014-05-07 00:00,Plectropomus leopardus,
3379325,144.59282,-38.02932,2008-11-12 00:00,Amphidinium,0.5
2883490,-86.8,30.111,2021-09-23 00:00,Fibrobacteraceae,29.0
37112320,-69.07095,61.32845,2009-01-01 00:00,Gorgonocephalus arcticus,338.0
29345751,-76.0194,35.2672,,Mergus serrator,
87426985,-9.0823,58.3127,2009-03-15 00:00,Merluccius merluccius,360.0
82848322,134.89667,34.565,1987-07-01 00:00,Gymnodinium,0.0
36482924,-170.75024,-14.36024,2010-02-18 00:00,Montipora,49.0
72310475,7.9864,63.4786,,Anas platyrhynchos,
85322541,22.27957,58.56241,2008-07-18 00:00,Cladophora rupestris,5.2
47550854,-2.7704,46.4429,2010-10-20 00:00,Merluccius merluccius,88.0
69474831,-167.77994,25.88274,2015-08-18 00:00,Keratoisidinae,2023.0
2091487,120.01222,16.29139,2015-05-04 00:00,Favites colemani,2.5
8630877,-81.2298,24.6873,1997-08-12 00:00,Scoletoma verrilli,1.9
78744929,29.15,-31.983334,,Parapercis robinsoni,37.0
66408238,147.61842,-19.30847,2018-06-20 00:00,Cercozoa,0.0
14623429,-8.247679,54.5355,2019-04-07 00:00,Caryophyllia (Caryophyllia) smithii,7.45
17302624,-25.319393,37.724037,1998-06-24 00:00,Sphingobacteriales,
8853977,4.4215,39.7763,2003-07-04 00:00,Scaeurgus unicirrhus,128.0
71793502,-83.11667,27.616667,1967-11-20 00:00,Polyplacophora,18.0
77124005,2.6453,39.1432,2002-05-24 00:00,Ceratoscopelus maderensis,423.0
19868851,-123.01564,35.16419,2007-09-23 00:00,Sphingobacteriales,
82474086,-95.083336,6.2833333,,Triphoturus mexicanus,
32952387,-18.841667,16.841667,,Ceratoscopelus maderensis,
96368583,-162.39215,6.435531,2008-04-04 00:00,Pomacentrus coelestis,21.0
13085156,174.73746,-35.47151,1977-01-01 00:00,Plaxiphora caelata,
68944255,-3.840033,47.773323,2000-01-10 00:00,Gymnodinium,
71846062,148.23334,-42.59667,2017-10-15 00:00,Cercozoa,85.0
19749980,-174.048,-43.3903,1992-07-05 00:00,Diastobranchus capensis,1056.5
90413276,-1.0485238,49.394398,2001-06-21 00:00,Rhizosolenia delicatula,
62400729,-12.688,53.4093,2012-09-18 00:00,Merluccius merluccius,154.5
87161634,-3.093748,47.534763,2008-04-14 00:00,Gymnodinium,
12874599,153.809,-27.8277,2007-08-18 00:00,Onychoprion fuscatus,0.0
3021579,145.925,-14.886667,,Coryphaenoides,
7538013,-122.3666,47.58822,1998-06-24 00:00,Pilargis maculata,49.0
12986153,138.41667,34.333332,1981-07-12 00:00,Chaetoceros diversus,0.0
53448047,-78.5,28.7,2003-03-21 00:00,Thunnus alalunga,650.0
67380988,18.705,-34.3983,1990-05-07 00:00,Calanus agulhensis,41.5
62057735,-60.832607,14.598332,2017-07-19 00:00,Rhizosoleniaceae,
28184779,17.66667,57.11667,2012-08-19 00:00,Acartia (Acanthacartia) bifilosa,10.0
23939174,0.2817,50.45041,2007-08-11 00:00,Gobiidae,43.65234
15565828,-70.13,-20.488,2005-10-01 00:00,Thalassiosira aestivalis,20.0
7346604,-69.918335,48.233612,1990-05-19 00:00,Arvella pectinula,170.0
52004875,3.8710353,51.62495,2001-01-01 00:00,Notomastus latericeus,
95122838,2.5710466,59.659306,2015-05-01 00:00,Ophelina modesta,114.0
43894362,148.23334,-42.59667,2017-12-17 00:00,Cercozoa,0.0
95022320,146.49,-18.61,2014-12-08 00:00,Plectropomus leopardus,
33977072,2.2670233,61.09449,2005-05-01 00:00,Synchelidium,135.0
95154091,145.61,-38.68,2006-03-16 00:00,Notolabrus tetricus,
58675897,-156.58932,21.0311,,Panulirus marginatus,
55502432,-4.2483,52.805,1998-09-25 00:00,Gobiidae,13.0
72548849,-64.24575,46.901585,2008-07-20 00:00,Tautogolabrus adspersus,
1336540,-6.9833,56.9833,1987-03-08 00:00,Merluccius merluccius,130.0
27463301,-50.95,-33.0,1973-09-10 00:00,Umbrina canosai,74.0
1066235,18.2313,-31.8155,1988-05-12 00:00,Thunnus alalunga,
81569640,-10.975,52.455,2019-03-19 00:00,Merluccius merluccius,63.5
57959695,9.9167,63.5889,,Mergus serrator,
13409592,176.7108,-43.829,2007-04-05 00:00,Acidobacteria,
30713947,-6.16078,54.05694,2011-05-17 00:00,Melinna palmata,0.0
98916099,5.3647957,63.576336,2015-05-01 00:00,Aricidea (Strelzovia) quadrilobata,910.0
48148386,-68.55328,48.6799,2007-10-09 00:00,Gymnodinium,10.0
9739607,10.9833,58.3,2001-02-06 00:00,Merluccius merluccius,104.0
69056622,18.0833,-34.5167,1993-01-23 00:00,Todaropsis eblanae,
41052523,147.29,-18.62,2012-08-18 00:00,Plectropomus leopardus,
63130294,174.9962,-36.7278,1997-10-29 00:00,Nototodarus sloanii,26.0
26649687,152.17499,-32.74583,,Melliteryx,
42723460,11.77333,58.3125,2011-07-04 00:00,Gymnodinium,5.0
62417773,153.562,-27.345,2017-07-16 00:00,Arcocellulus mammifer,0.0
55186429,136.92949,-13.64087,1996-09-26 00:00,Eretmochelys imbricata,
4210688,-123.00694,47.545834,2007-04-04 00:00,Fluviicola,
5486755,147.29,-18.62,2013-10-03 00:00,Plectropomus leopardus,
99116206,1.136849,52.9506,2013-08-08 00:00,Cladophora rupestris,4.2999997
33210275,145.9333,-16.6333,1935-07-28 00:00,Onychoprion fuscatus,
90151303,144.12846,-9.24434,2017-09-30 00:00,Onychoprion fuscatus,0.0
835014,10.429355,65.567444,2020-07-24 00:00,Abyssoninoe scopa,410.37
49165990,-2.552483,47.472816,2021-02-21 00:00,Oxydromus flexuosus,
49492802,146.98,-19.24,2013-03-22 00:00,Carcharhinus limbatus,
17791574,160.48666,-9.35,2001-10-01 00:00,Tanaoa nanus,
